,Şişe_h (cm),Kılcal_r (cm),Kılcal_l (cm),t (s),d (g/cm³),g (cm/s2),V (ml),P,v/t (ml/s),viskozite_katsayısı,Pε/V,ε
0,11,0.24057479435417878,20.5,77,1,981.0,2,10791.0,0.026,6.416433667245611e-05,2241579359.25,415453.5
1,9,0.24057479435417878,20.5,115,1,981.0,2,8829.0,0.0174,6.416433667245611e-05,2241098178.75,507667.5
2,7,0.24057479435417878,20.5,194,1,981.0,2,6867.0,0.0103,6.416433667245611e-05,2287050916.5,666099.0
3,5,0.24057479435417878,20.5,650,1,981.0,2,4905.0,0.0031,6.416433667245611e-05,3909591562.5,1594125.0
